{
    "Content-Based": {
        "RMSE": 0.9222165069360272,
        "MAE": 0.7147307426859728,
        "Precision@5": 0.597377049180328,
        "Recall@5": 0.3358189179849392,
        "Precision@10": 0.5065573770491806,
        "Recall@10": 0.47395054841297934,
        "Precision@15": 0.4322404371584696,
        "Recall@15": 0.5342734416594915,
        "Precision@20": 0.3811475409836071,
        "Recall@20": 0.5707692401407154
    },
    "Collaborative-Filtering": {
        "RMSE": 0.9303670075313047,
        "MAE": 0.7177175891324854,
        "Precision@5": 0.6173770491803293,
        "Recall@5": 0.33393410245908883,
        "Precision@10": 0.5168852459016398,
        "Recall@10": 0.46650544189344834,
        "Precision@15": 0.4436065573770483,
        "Recall@15": 0.5289284229069755,
        "Precision@20": 0.3907377049180329,
        "Recall@20": 0.566037202796216
    }
}