{"method": "PCA", "explained_variance": [0.060460371294095525, 0.04455229153259471], "duration_seconds": 0.13702797889709473}