{"method": "t-SNE", "kl_divergence": 1.5331707000732422, "duration_seconds": 13.206979274749756}